subject,chapter,subtopic,original PDF,native duplicate,conversion status,QA status
"Pure Mathematics","Chapter 1: Algebra and Functions","1.1 Laws of Indices","archives/course-pdfs/Pure Mathematics/1.1 Laws of Indices.pdf","1.1 Laws of Indices","existing-native","existing-page-not-reapproved"
"Pure Mathematics","Chapter 1: Algebra and Functions","1.2 Surds and Rationalising Denominators","archives/course-pdfs/Pure Mathematics/1.2 Surds and Rationalising Denominators.pdf","1.2 Surds and Rationalising Denominators","existing-native","existing-page-not-reapproved"
"Pure Mathematics","Chapter 1: Algebra and Functions","1.3 Quadratic Functions","archives/course-pdfs/Pure Mathematics/1.3 Quadratic Functions.pdf","1.3 Quadratic Functions","existing-native","existing-page-not-reapproved"
"Pure Mathematics","Chapter 1: Algebra and Functions","1.4 Simultaneous Equations","archives/course-pdfs/Pure Mathematics/1.4 Simultaneous Equations.pdf","1.4 Simultaneous Equations","existing-native","existing-page-not-reapproved"
"Pure Mathematics","Chapter 1: Algebra and Functions","1.5 Inequalities","archives/course-pdfs/Pure Mathematics/1.5 Inequalities.pdf","1.5 Inequalities","existing-native","existing-page-not-reapproved"
"Pure Mathematics","Chapter 1: Algebra and Functions","1.6 Polynomials and Algebraic Division","archives/course-pdfs/Pure Mathematics/1.6 Polynomials and Algebraic Division.pdf","1.6 Polynomials and Algebraic Division","existing-native","existing-page-not-reapproved"
"Pure Mathematics","Chapter 1: Algebra and Functions","1.7 Graphs of Functions","archives/course-pdfs/Pure Mathematics/1.7 Graphs of Functions.pdf","1.7 Graphs of Functions","existing-native","existing-page-not-reapproved"
"Pure Mathematics","Chapter 1: Algebra and Functions","1.8 The Modulus Function","archives/course-pdfs/Pure Mathematics/1.8 The Modulus Function.pdf","1.8 The Modulus Function","existing-native","existing-page-not-reapproved"
"Pure Mathematics","Chapter 1: Algebra and Functions","1.9 Composite and Inverse Functions","archives/course-pdfs/Pure Mathematics/1.9 Composite and Inverse Functions.pdf","1.9 Composite and Inverse Functions","existing-native","existing-page-not-reapproved"
"Pure Mathematics","Chapter 1: Algebra and Functions","1.10 Transformations of Graphs","archives/course-pdfs/Pure Mathematics/1.10 Transformations of Graphs.pdf","1.10 Transformations of Graphs","existing-native","existing-page-not-reapproved"
"Pure Mathematics","Chapter 1: Algebra and Functions","1.11 Partial Fractions","archives/course-pdfs/Pure Mathematics/1.11 Partial Fractions.pdf","1.11 Partial Fractions","existing-native","existing-page-not-reapproved"
"Pure Mathematics","Chapter 1: Algebra and Functions","1.12 Functions in Modelling","archives/course-pdfs/Pure Mathematics/1.12 Functions in Modelling.pdf","1.12 Functions in Modelling","existing-native","existing-page-not-reapproved"
"Pure Mathematics","Chapter 2: Proof","2.1 The Structure of Mathematical Proof","archives/course-pdfs/Pure Mathematics/2.1 The Structure of Mathematical Proof.pdf","2.1 The Structure of Mathematical Proof","converted-draft","render-checks-passed-source-approval-pending"
"Pure Mathematics","Chapter 2: Proof","2.2 Proof by Deduction","archives/course-pdfs/Pure Mathematics/2.2 Proof by Deduction.pdf","2.2 Proof by Deduction","converted-draft","render-checks-passed-source-approval-pending"
"Pure Mathematics","Chapter 2: Proof","2.3 Proof by Exhaustion","archives/course-pdfs/Pure Mathematics/2.3 Proof by Exhaustion.pdf","2.3 Proof by Exhaustion","converted-draft","render-checks-passed-source-approval-pending"
"Pure Mathematics","Chapter 2: Proof","2.4 Disproof by Counter Example","archives/course-pdfs/Pure Mathematics/2.4 Disproof by Counter Example.pdf","2.4 Disproof by Counter Example","converted-draft","render-checks-passed-source-approval-pending"
"Pure Mathematics","Chapter 2: Proof","2.5 Proof by Contradiction","archives/course-pdfs/Pure Mathematics/2.5 Proof by Contradiction.pdf","2.5 Proof by Contradiction","converted-draft","render-checks-passed-source-approval-pending"
"Pure Mathematics","Chapter 3: Coordinate Geometry","3.1 Straight Lines","archives/course-pdfs/Pure Mathematics/3.1 Straight Lines.pdf","3.1 Straight Lines","converted-draft","render-checks-passed-source-approval-pending"
"Pure Mathematics","Chapter 3: Coordinate Geometry","3.2 Circles","archives/course-pdfs/Pure Mathematics/3.2 Circles.pdf","3.2 Circles","converted-draft","render-checks-passed-source-approval-pending"
"Pure Mathematics","Chapter 3: Coordinate Geometry","3.3 Parametric Equations","archives/course-pdfs/Pure Mathematics/3.3 Parametric Equations.pdf","3.3 Parametric Equations","converted-draft","render-checks-passed-source-approval-pending"
"Pure Mathematics","Chapter 3: Coordinate Geometry","3.4 Parametric Equations in Modelling","archives/course-pdfs/Pure Mathematics/3.4 Parametric Equations in Modelling.pdf","3.4 Parametric Equations in Modelling","converted-draft","render-checks-passed-source-approval-pending"
"Pure Mathematics","Chapter 4: Sequences and Series","4.1 Arithmetic Sequences and Series","archives/course-pdfs/Pure Mathematics/4.1 Arithmetic Sequences and Series.pdf","4.1 Arithmetic Sequences and Series","converted-draft","render-checks-passed-source-approval-pending"
"Pure Mathematics","Chapter 4: Sequences and Series","4.2 Geometric Sequences and Series","archives/course-pdfs/Pure Mathematics/4.2 Geometric Sequences and Series.pdf","4.2 Geometric Sequences and Series","converted-draft","render-checks-passed-source-approval-pending"
"Pure Mathematics","Chapter 4: Sequences and Series","4.3 Sigma Notation and Recurrence Relations","archives/course-pdfs/Pure Mathematics/4.3 Sigma Notation and Recurrence Relations.pdf","4.3 Sigma Notation and Recurrence Relations","converted-draft","render-checks-passed-source-approval-pending"
"Pure Mathematics","Chapter 4: Sequences and Series","4.4 Binomial Expansion - Positive Integer n","archives/course-pdfs/Pure Mathematics/4.4 Binomial Expansion - Positive Integer n.pdf","4.4 Binomial Expansion - Positive Integer n","converted-draft","render-checks-passed-source-approval-pending"
"Pure Mathematics","Chapter 4: Sequences and Series","4.5 Binomial Expansion - Rational n","archives/course-pdfs/Pure Mathematics/4.5 Binomial Expansion - Rational n.pdf","4.5 Binomial Expansion - Rational n","converted-draft","render-checks-passed-source-approval-pending"
"Pure Mathematics","Chapter 4: Sequences and Series","4.6 Sequences and Series in Modelling","archives/course-pdfs/Pure Mathematics/4.6 Sequences and Series in Modelling.pdf","4.6 Sequences and Series in Modelling","converted-draft","render-checks-passed-source-approval-pending"
"Pure Mathematics","Chapter 5: Trigonometry","5.1 Radians, Arc Length and Sector Area","archives/course-pdfs/Pure Mathematics/5.1 Radians, Arc Length and Sector Area.pdf","5.1 Radians, Arc Length and Sector Area","converted-draft","render-checks-passed-source-approval-pending"
"Pure Mathematics","Chapter 5: Trigonometry","5.2 Sine Rule, Cosine Rule and Area of a Triangle","archives/course-pdfs/Pure Mathematics/5.2 Sine Rule, Cosine Rule and Area of a Triangle.pdf","5.2 Sine Rule, Cosine Rule and Area of a Triangle","converted-draft","render-checks-passed-source-approval-pending"
"Pure Mathematics","Chapter 5: Trigonometry","5.3 Exact Trigonometric Values","archives/course-pdfs/Pure Mathematics/5.3 Exact Trigonometric Values.pdf","5.3 Exact Trigonometric Values","converted-draft","render-checks-passed-source-approval-pending"
"Pure Mathematics","Chapter 5: Trigonometry","5.4 Trigonometric Graphs and Symmetry","archives/course-pdfs/Pure Mathematics/5.4 Trigonometric Graphs and Symmetry.pdf","5.4 Trigonometric Graphs and Symmetry","converted-draft","render-checks-passed-source-approval-pending"
"Pure Mathematics","Chapter 5: Trigonometry","5.5 Small Angle Approximations","archives/course-pdfs/Pure Mathematics/5.5 Small Angle Approximations.pdf","5.5 Small Angle Approximations","converted-draft","render-checks-passed-source-approval-pending"
"Pure Mathematics","Chapter 5: Trigonometry","5.6 Reciprocal and Inverse Trigonometric Functions","archives/course-pdfs/Pure Mathematics/5.6 Reciprocal and Inverse Trigonometric Functions.pdf","5.6 Reciprocal and Inverse Trigonometric Functions","converted-draft","render-checks-passed-source-approval-pending"
"Pure Mathematics","Chapter 5: Trigonometry","5.7 Trigonometric Identities","archives/course-pdfs/Pure Mathematics/5.7 Trigonometric Identities.pdf","5.7 Trigonometric Identities","converted-draft","render-checks-passed-source-approval-pending"
"Pure Mathematics","Chapter 5: Trigonometry","5.8 The R cos Form","archives/course-pdfs/Pure Mathematics/5.8 The R cos Form.pdf","5.8 The R cos Form","converted-draft","render-checks-passed-source-approval-pending"
"Pure Mathematics","Chapter 5: Trigonometry","5.9 Solving Trigonometric Equations","archives/course-pdfs/Pure Mathematics/5.9 Solving Trigonometric Equations.pdf","5.9 Solving Trigonometric Equations","converted-draft","render-checks-passed-source-approval-pending"
"Pure Mathematics","Chapter 5: Trigonometry","5.10 Trigonometry in Modelling","archives/course-pdfs/Pure Mathematics/5.10 Trigonometry in Modelling.pdf","5.10 Trigonometry in Modelling","converted-draft","render-checks-passed-source-approval-pending"
"Pure Mathematics","Chapter 6: Exponentials and Logarithms","6.1 Exponential Functions","archives/course-pdfs/Pure Mathematics/6.1 Exponential Functions.pdf","6.1 Exponential Functions","converted-draft","render-checks-passed-source-approval-pending"
"Pure Mathematics","Chapter 6: Exponentials and Logarithms","6.2 Logarithms and Their Laws","archives/course-pdfs/Pure Mathematics/6.2 Logarithms and Their Laws.pdf","6.2 Logarithms and Their Laws","converted-draft","render-checks-passed-source-approval-pending"
"Pure Mathematics","Chapter 6: Exponentials and Logarithms","6.3 Logarithmic Graphs for Estimating Parameters","archives/course-pdfs/Pure Mathematics/6.3 Logarithmic Graphs for Estimating Parameters.pdf","6.3 Logarithmic Graphs for Estimating Parameters","converted-draft","render-checks-passed-source-approval-pending"
"Pure Mathematics","Chapter 6: Exponentials and Logarithms","6.4 Exponential Growth and Decay","archives/course-pdfs/Pure Mathematics/6.4 Exponential Growth and Decay.pdf","6.4 Exponential Growth and Decay","converted-draft","render-checks-passed-source-approval-pending"
"Pure Mathematics","Chapter 7: Differentiation","7.1 Differentiation from First Principles","archives/course-pdfs/Pure Mathematics/7.1 Differentiation from First Principles.pdf","7.1 Differentiation from First Principles","converted-draft","render-checks-passed-source-approval-pending"
"Pure Mathematics","Chapter 7: Differentiation","7.2 Standard Derivatives and Basic Rules","archives/course-pdfs/Pure Mathematics/7.2 Standard Derivatives and Basic Rules.pdf","7.2 Standard Derivatives and Basic Rules","converted-draft","render-checks-passed-source-approval-pending"
"Pure Mathematics","Chapter 7: Differentiation","7.3 Chain Rule, Product Rule and Quotient Rule","archives/course-pdfs/Pure Mathematics/7.3 Chain Rule, Product Rule and Quotient Rule.pdf","7.3 Chain Rule, Product Rule and Quotient Rule","converted-draft","render-checks-passed-source-approval-pending"
"Pure Mathematics","Chapter 7: Differentiation","7.4 Applications of Differentiation","archives/course-pdfs/Pure Mathematics/7.4 Applications of Differentiation.pdf","7.4 Applications of Differentiation","converted-draft","render-checks-passed-source-approval-pending"
"Pure Mathematics","Chapter 7: Differentiation","7.5 Implicit and Parametric Differentiation","archives/course-pdfs/Pure Mathematics/7.5 Implicit and Parametric Differentiation.pdf","7.5 Implicit and Parametric Differentiation","converted-draft","render-checks-passed-source-approval-pending"
"Pure Mathematics","Chapter 7: Differentiation","7.6 Constructing Differential Equations","archives/course-pdfs/Pure Mathematics/7.6 Constructing Differential Equations.pdf","7.6 Constructing Differential Equations","converted-draft","render-checks-passed-source-approval-pending"
"Pure Mathematics","Chapter 8: Integration","8.1 Standard Integrals","archives/course-pdfs/Pure Mathematics/8.1 Standard Integrals.pdf","8.1 Standard Integrals","converted-draft","render-checks-passed-source-approval-pending"
"Pure Mathematics","Chapter 8: Integration","8.2 Definite Integrals and Areas","archives/course-pdfs/Pure Mathematics/8.2 Definite Integrals and Areas.pdf","8.2 Definite Integrals and Areas","converted-draft","render-checks-passed-source-approval-pending"
"Pure Mathematics","Chapter 8: Integration","8.3 Integration by Substitution","archives/course-pdfs/Pure Mathematics/8.3 Integration by Substitution.pdf","8.3 Integration by Substitution","converted-draft","render-checks-passed-source-approval-pending"
"Pure Mathematics","Chapter 8: Integration","8.4 Integration by Parts","archives/course-pdfs/Pure Mathematics/8.4 Integration by Parts.pdf","8.4 Integration by Parts","converted-draft","render-checks-passed-source-approval-pending"
"Pure Mathematics","Chapter 8: Integration","8.5 Integration Using Partial Fractions","archives/course-pdfs/Pure Mathematics/8.5 Integration Using Partial Fractions.pdf","8.5 Integration Using Partial Fractions","converted-draft","render-checks-passed-source-approval-pending"
"Pure Mathematics","Chapter 8: Integration","8.6 Differential Equations","archives/course-pdfs/Pure Mathematics/8.6 Differential Equations.pdf","8.6 Differential Equations","converted-draft","render-checks-passed-source-approval-pending"
"Pure Mathematics","Chapter 9: Numerical Methods","9.1 Locating Roots by Sign Change","archives/course-pdfs/Pure Mathematics/9.1 Locating Roots by Sign Change.pdf","9.1 Locating Roots by Sign Change","converted-draft","render-checks-passed-source-approval-pending"
"Pure Mathematics","Chapter 9: Numerical Methods","9.2 Fixed Point Iteration","archives/course-pdfs/Pure Mathematics/9.2 Fixed Point Iteration.pdf","9.2 Fixed Point Iteration","converted-draft","render-checks-passed-source-approval-pending"
"Pure Mathematics","Chapter 9: Numerical Methods","9.3 The Newton-Raphson Method","archives/course-pdfs/Pure Mathematics/9.3 The Newton-Raphson Method.pdf","9.3 The Newton-Raphson Method","converted-draft","render-checks-passed-source-approval-pending"
"Pure Mathematics","Chapter 9: Numerical Methods","9.4 The Trapezium Rule","archives/course-pdfs/Pure Mathematics/9.4 The Trapezium Rule.pdf","9.4 The Trapezium Rule","converted-draft","render-checks-passed-source-approval-pending"
"Pure Mathematics","Chapter 10: Vectors","10.1 Vectors in Two and Three Dimensions","archives/course-pdfs/Pure Mathematics/10.1 Vectors in Two and Three Dimensions.pdf","10.1 Vectors in Two and Three Dimensions","converted-draft","render-checks-passed-source-approval-pending"
"Pure Mathematics","Chapter 10: Vectors","10.2 Position Vectors and Distance","archives/course-pdfs/Pure Mathematics/10.2 Position Vectors and Distance.pdf","10.2 Position Vectors and Distance","converted-draft","render-checks-passed-source-approval-pending"
"Pure Mathematics","Chapter 10: Vectors","10.3 Vector Problems in Pure Mathematics","archives/course-pdfs/Pure Mathematics/10.3 Vector Problems in Pure Mathematics.pdf","10.3 Vector Problems in Pure Mathematics","converted-draft","render-checks-passed-source-approval-pending"
"Mechanics","Chapter 1: Modelling in Mechanics","1.1 Modelling Assumptions","archives/course-pdfs/Mechanics/1.1 Modelling Assumptions.pdf","1.1 Modelling Assumptions","converted-draft","render-checks-passed-source-approval-pending"
"Mechanics","Chapter 1: Modelling in Mechanics","1.2 Vectors in Mechanics","archives/course-pdfs/Mechanics/1.2 Vectors in Mechanics.pdf","1.2 Vectors in Mechanics","converted-draft","render-checks-passed-source-approval-pending"
"Mechanics","Chapter 2: Constant Acceleration","2.1 Velocity-Time Graphs","archives/course-pdfs/Mechanics/2.1 Velocity-Time Graphs.pdf","2.1 Velocity-Time Graphs","converted-draft","render-checks-passed-source-approval-pending"
"Mechanics","Chapter 2: Constant Acceleration","2.2 The SUVAT Equations","archives/course-pdfs/Mechanics/2.2 The SUVAT Equations.pdf","2.2 The SUVAT Equations","converted-draft","render-checks-passed-source-approval-pending"
"Mechanics","Chapter 2: Constant Acceleration","2.3 Vertical Motion Under Gravity","archives/course-pdfs/Mechanics/2.3 Vertical Motion Under Gravity.pdf","2.3 Vertical Motion Under Gravity","converted-draft","render-checks-passed-source-approval-pending"
"Mechanics","Chapter 3: Forces and Motion","3.1 Newton's Laws and Force Diagrams","archives/course-pdfs/Mechanics/3.1 Newton's Laws and Force Diagrams.pdf","3.1 Newton's Laws and Force Diagrams","converted-draft","render-checks-passed-source-approval-pending"
"Mechanics","Chapter 3: Forces and Motion","3.2 Connected Particles and Pulleys","archives/course-pdfs/Mechanics/3.2 Connected Particles and Pulleys.pdf","3.2 Connected Particles and Pulleys","converted-draft","render-checks-passed-source-approval-pending"
"Mechanics","Chapter 3: Forces and Motion","3.3 Inclined Planes","archives/course-pdfs/Mechanics/3.3 Inclined Planes.pdf","3.3 Inclined Planes","converted-draft","render-checks-passed-source-approval-pending"
"Mechanics","Chapter 4: Variable Acceleration","4.1 Calculus for Variable Acceleration","archives/course-pdfs/Mechanics/4.1 Calculus for Variable Acceleration.pdf","4.1 Calculus for Variable Acceleration","converted-draft","render-checks-passed-source-approval-pending"
"Mechanics","Chapter 4: Variable Acceleration","4.2 Differentiating Position","archives/course-pdfs/Mechanics/4.2 Differentiating Position.pdf","4.2 Differentiating Position","converted-draft","render-checks-passed-source-approval-pending"
"Mechanics","Chapter 5: Moments","5.1 Moments and the Principle of Moments","archives/course-pdfs/Mechanics/5.1 Moments and the Principle of Moments.pdf","5.1 Moments and the Principle of Moments","converted-draft","render-checks-passed-source-approval-pending"
"Mechanics","Chapter 6: Forces and Friction","6.1 Friction on Inclined Planes","archives/course-pdfs/Mechanics/6.1 Friction on Inclined Planes.pdf","6.1 Friction on Inclined Planes","converted-draft","render-checks-passed-source-approval-pending"
"Mechanics","Chapter 7: Projectiles","7.1 Projectile Motion","archives/course-pdfs/Mechanics/7.1 Projectile Motion.pdf","7.1 Projectile Motion","converted-draft","render-checks-passed-source-approval-pending"
"Mechanics","Chapter 8: Applications of Forces","8.1 Forces in Two Dimensions","archives/course-pdfs/Mechanics/8.1 Forces in Two Dimensions.pdf","8.1 Forces in Two Dimensions","converted-draft","render-checks-passed-source-approval-pending"
"Mechanics","Chapter 8: Applications of Forces","8.2 Vector Kinematics with Forces","archives/course-pdfs/Mechanics/8.2 Vector Kinematics with Forces.pdf","8.2 Vector Kinematics with Forces","converted-draft","render-checks-passed-source-approval-pending"
"Mechanics","Chapter 9: Further Kinematics","9.1 Vector Kinematics","archives/course-pdfs/Mechanics/9.1 Vector Kinematics.pdf","9.1 Vector Kinematics","converted-draft","render-checks-passed-source-approval-pending"
"Mechanics","Chapter 9: Further Kinematics","9.2 Constant Acceleration in Vector Form","archives/course-pdfs/Mechanics/9.2 Constant Acceleration in Vector Form.pdf","9.2 Constant Acceleration in Vector Form","converted-draft","render-checks-passed-source-approval-pending"
"Statistics","Chapter 1: Data Collection","1.1 Populations and Samples","archives/course-pdfs/Statistics/1.1 Populations and Samples.pdf","1.1 Populations and Samples","converted-draft","render-checks-passed-source-approval-pending"
"Statistics","Chapter 1: Data Collection","1.2 Sampling Methods","archives/course-pdfs/Statistics/1.2 Sampling Methods.pdf","1.2 Sampling Methods","converted-draft","render-checks-passed-source-approval-pending"
"Statistics","Chapter 1: Data Collection","1.3 Types of Data","archives/course-pdfs/Statistics/1.3 Types of Data.pdf","1.3 Types of Data","converted-draft","render-checks-passed-source-approval-pending"
"Statistics","Chapter 1: Data Collection","1.4 The Large Data Set","archives/course-pdfs/Statistics/1.4 The Large Data Set.pdf","1.4 The Large Data Set","converted-draft","render-checks-passed-source-approval-pending"
"Statistics","Chapter 2: Measures of Location and Spread","2.1 Measures of Central Tendency","archives/course-pdfs/Statistics/2.1 Measures of Central Tendency.pdf","2.1 Measures of Central Tendency","converted-draft","render-checks-passed-source-approval-pending"
"Statistics","Chapter 2: Measures of Location and Spread","2.2 Quartiles, Percentiles and Measures of Spread","archives/course-pdfs/Statistics/2.2 Quartiles, Percentiles and Measures of Spread.pdf","2.2 Quartiles, Percentiles and Measures of Spread","converted-draft","render-checks-passed-source-approval-pending"
"Statistics","Chapter 2: Measures of Location and Spread","2.3 Variance and Standard Deviation","archives/course-pdfs/Statistics/2.3 Variance and Standard Deviation.pdf","2.3 Variance and Standard Deviation","converted-draft","render-checks-passed-source-approval-pending"
"Statistics","Chapter 2: Measures of Location and Spread","2.4 Coding","archives/course-pdfs/Statistics/2.4 Coding.pdf","2.4 Coding","converted-draft","render-checks-passed-source-approval-pending"
"Statistics","Chapter 3: Representations of Data","3.1 Outliers","archives/course-pdfs/Statistics/3.1 Outliers.pdf","3.1 Outliers","converted-draft","render-checks-passed-source-approval-pending"
"Statistics","Chapter 3: Representations of Data","3.2 Box Plots","archives/course-pdfs/Statistics/3.2 Box Plots.pdf","3.2 Box Plots","converted-draft","render-checks-passed-source-approval-pending"
"Statistics","Chapter 3: Representations of Data","3.3 Cumulative Frequency Diagrams","archives/course-pdfs/Statistics/3.3 Cumulative Frequency Diagrams.pdf","3.3 Cumulative Frequency Diagrams","converted-draft","render-checks-passed-source-approval-pending"
"Statistics","Chapter 3: Representations of Data","3.4 Histograms","archives/course-pdfs/Statistics/3.4 Histograms.pdf","3.4 Histograms","converted-draft","render-checks-passed-source-approval-pending"
"Statistics","Chapter 3: Representations of Data","3.5 Comparing Data Sets","archives/course-pdfs/Statistics/3.5 Comparing Data Sets.pdf","3.5 Comparing Data Sets","converted-draft","render-checks-passed-source-approval-pending"
"Statistics","Chapter 4: Correlation","4.1 Scatter Diagrams and Correlation","archives/course-pdfs/Statistics/4.1 Scatter Diagrams and Correlation.pdf","4.1 Scatter Diagrams and Correlation","converted-draft","render-checks-passed-source-approval-pending"
"Statistics","Chapter 4: Correlation","4.2 Regression Lines","archives/course-pdfs/Statistics/4.2 Regression Lines.pdf","4.2 Regression Lines","converted-draft","render-checks-passed-source-approval-pending"
"Statistics","Chapter 5: Probability","5.1 Calculating Probabilities","archives/course-pdfs/Statistics/5.1 Calculating Probabilities.pdf","5.1 Calculating Probabilities","converted-draft","render-checks-passed-source-approval-pending"
"Statistics","Chapter 5: Probability","5.2 Venn Diagrams","archives/course-pdfs/Statistics/5.2 Venn Diagrams.pdf","5.2 Venn Diagrams","converted-draft","render-checks-passed-source-approval-pending"
"Statistics","Chapter 5: Probability","5.3 Mutually Exclusive and Independent Events","archives/course-pdfs/Statistics/5.3 Mutually Exclusive and Independent Events.pdf","5.3 Mutually Exclusive and Independent Events","converted-draft","render-checks-passed-source-approval-pending"
"Statistics","Chapter 5: Probability","5.4 Tree Diagrams","archives/course-pdfs/Statistics/5.4 Tree Diagrams.pdf","5.4 Tree Diagrams","converted-draft","render-checks-passed-source-approval-pending"
"Statistics","Chapter 6: Statistical Distributions","6.1 Discrete Random Variables","archives/course-pdfs/Statistics/6.1 Discrete Random Variables.pdf","6.1 Discrete Random Variables","converted-draft","render-checks-passed-source-approval-pending"
"Statistics","Chapter 6: Statistical Distributions","6.2 The Binomial Distribution","archives/course-pdfs/Statistics/6.2 The Binomial Distribution.pdf","6.2 The Binomial Distribution","converted-draft","render-checks-passed-source-approval-pending"
"Statistics","Chapter 7: Hypothesis Testing","7.1 The Language of Hypothesis Testing","archives/course-pdfs/Statistics/7.1 The Language of Hypothesis Testing.pdf","7.1 The Language of Hypothesis Testing","converted-draft","render-checks-passed-source-approval-pending"
"Statistics","Chapter 7: Hypothesis Testing","7.2 Finding Critical Regions","archives/course-pdfs/Statistics/7.2 Finding Critical Regions.pdf","7.2 Finding Critical Regions","converted-draft","render-checks-passed-source-approval-pending"
"Statistics","Chapter 8: Regression, Correlation and Hypothesis Testing","8.1 Exponential Models","archives/course-pdfs/Statistics/8.1 Exponential Models.pdf","8.1 Exponential Models","converted-draft","render-checks-passed-source-approval-pending"
"Statistics","Chapter 8: Regression, Correlation and Hypothesis Testing","8.2 Measuring Correlation","archives/course-pdfs/Statistics/8.2 Measuring Correlation.pdf","8.2 Measuring Correlation","converted-draft","render-checks-passed-source-approval-pending"
"Statistics","Chapter 8: Regression, Correlation and Hypothesis Testing","8.3 Hypothesis Testing for Zero Correlation","archives/course-pdfs/Statistics/8.3 Hypothesis Testing for Zero Correlation.pdf","8.3 Hypothesis Testing for Zero Correlation","converted-draft","render-checks-passed-source-approval-pending"
"Statistics","Chapter 9: Conditional Probability","9.1 Set Notation","archives/course-pdfs/Statistics/9.1 Set Notation.pdf","9.1 Set Notation","converted-draft","render-checks-passed-source-approval-pending"
"Statistics","Chapter 9: Conditional Probability","9.2 Conditional Probability","archives/course-pdfs/Statistics/9.2 Conditional Probability.pdf","9.2 Conditional Probability","converted-draft","render-checks-passed-source-approval-pending"
"Statistics","Chapter 9: Conditional Probability","9.3 Conditional Probabilities in Venn Diagrams","archives/course-pdfs/Statistics/9.3 Conditional Probabilities in Venn Diagrams.pdf","9.3 Conditional Probabilities in Venn Diagrams","converted-draft","render-checks-passed-source-approval-pending"
"Statistics","Chapter 9: Conditional Probability","9.4 Probability Formulae","archives/course-pdfs/Statistics/9.4 Probability Formulae.pdf","9.4 Probability Formulae","converted-draft","render-checks-passed-source-approval-pending"
"Statistics","Chapter 10: The Normal Distribution","10.1 The Normal Distribution","archives/course-pdfs/Statistics/10.1 The Normal Distribution.pdf","10.1 The Normal Distribution","converted-draft","render-checks-passed-source-approval-pending"
"Statistics","Chapter 10: The Normal Distribution","10.2 Finding Probabilities for Normal Distributions","archives/course-pdfs/Statistics/10.2 Finding Probabilities for Normal Distributions.pdf","10.2 Finding Probabilities for Normal Distributions","converted-draft","render-checks-passed-source-approval-pending"
"Statistics","Chapter 10: The Normal Distribution","10.3 The Inverse Normal Distribution Function","archives/course-pdfs/Statistics/10.3 The Inverse Normal Distribution Function.pdf","10.3 The Inverse Normal Distribution Function","converted-draft","render-checks-passed-source-approval-pending"
"Statistics","Chapter 10: The Normal Distribution","10.4 The Standard Normal Distribution","archives/course-pdfs/Statistics/10.4 The Standard Normal Distribution.pdf","10.4 The Standard Normal Distribution","converted-draft","render-checks-passed-source-approval-pending"
"Statistics","Chapter 10: The Normal Distribution","10.5 Finding Mu and Sigma","archives/course-pdfs/Statistics/10.5 Finding Mu and Sigma.pdf","10.5 Finding Mu and Sigma","converted-draft","render-checks-passed-source-approval-pending"
"Statistics","Chapter 10: The Normal Distribution","10.6 Approximating the Binomial Distribution","archives/course-pdfs/Statistics/10.6 Approximating the Binomial Distribution.pdf","10.6 Approximating the Binomial Distribution","converted-draft","render-checks-passed-source-approval-pending"
"Statistics","Chapter 10: The Normal Distribution","10.7 Hypothesis Testing with the Normal Distribution","archives/course-pdfs/Statistics/10.7 Hypothesis Testing with the Normal Distribution.pdf","10.7 Hypothesis Testing with the Normal Distribution","converted-draft","render-checks-passed-source-approval-pending"
